{"cameraMode":{"drawMode":0,"name":"Shaded","section":"Shading Mode"},"sceneLighting":true,"audioPlay":false,"sceneViewState":{"showFog":true,"showMaterialUpdate":false,"showSkybox":true,"showFlares":true,"showImageEffects":true,"showParticleSystems":true},"in2DMode":false,"pivot":{"x":6.006464004516602,"y":-0.2049713134765625,"z":1.0150575637817383},"rotation":{"x":0.07096367329359055,"y":0.9252550005912781,"z":-0.21645653247833253,"w":0.3033381700515747},"size":20.294118881225587,"orthographic":false}